-- phpMyAdmin SQL Dump
-- version 5.2.1
-- https://www.phpmyadmin.net/
--
-- Hôte : 127.0.0.1:3306
-- Généré le : ven. 29 nov. 2024 à 10:48
-- Version du serveur : 8.3.0
-- Version de PHP : 8.2.18

SET SQL_MODE = "NO_AUTO_VALUE_ON_ZERO";
START TRANSACTION;
SET time_zone = "+00:00";


/*!40101 SET @OLD_CHARACTER_SET_CLIENT=@@CHARACTER_SET_CLIENT */;
/*!40101 SET @OLD_CHARACTER_SET_RESULTS=@@CHARACTER_SET_RESULTS */;
/*!40101 SET @OLD_COLLATION_CONNECTION=@@COLLATION_CONNECTION */;
/*!40101 SET NAMES utf8mb4 */;

--
-- Base de données : `bddzoo`
--

-- --------------------------------------------------------

--
-- Structure de la table `animaux`
--

DROP TABLE IF EXISTS `animaux`;
CREATE TABLE IF NOT EXISTS `animaux` (
  `id` int NOT NULL AUTO_INCREMENT,
  `nom` varchar(100) NOT NULL,
  `nombre` int NOT NULL,
  `id_enclos` int DEFAULT NULL,
  PRIMARY KEY (`id`)
) ENGINE=MyISAM AUTO_INCREMENT=164 DEFAULT CHARSET=utf8mb4 COLLATE=utf8mb4_0900_ai_ci;

--
-- Déchargement des données de la table `animaux`
--

INSERT INTO `animaux` (`id`, `nom`, `nombre`, `id_enclos`) VALUES
(2, 'Panda roux ', 10, 1),
(4, 'Python', 10, 2),
(5, 'Tortue', 15, 138),
(6, 'Iguane', 8, 3),
(7, 'Ara Perroquet', 5, 4),
(8, 'Grand Hocco', 4, 5),
(9, 'Rhinocéros', 3, 6),
(10, 'Oryx Beisa', 6, 7),
(11, 'Gnou', 12, 8),
(12, 'Coatis', 7, 9),
(13, 'Saimiris', 20, 10),
(14, 'Autruches', 10, 11),
(15, 'Gazelles', 18, 12),
(16, 'Girafes', 6, 13),
(17, 'Grivets Cercopithèques', 10, 14),
(18, 'Eléphants', 4, 15),
(19, 'Varan de Komodo', 2, 16),
(20, 'Binturong', 6, 17),
(21, 'Loutres', 8, 18),
(22, 'Antilopes', 20, 19),
(23, 'Daims', 15, 20),
(24, 'Nilgauts', 5, 21),
(25, 'Dromadaires', 7, 22),
(26, 'Anes de Provence', 10, 23),
(27, 'Emeu', 4, 24),
(28, 'Wallaby', 6, 25),
(29, 'Flamant Roses', 30, 26),
(30, 'Nandou', 15, 27),
(31, 'Tamanoirs', 5, 28),
(32, 'Tortues', 25, 29),
(33, 'Ibis', 12, 30),
(34, 'Cigognes', 18, 31),
(35, 'Marabouts', 7, 32),
(36, 'Oryx Algazelle', 9, 33),
(37, 'Watusi', 6, 34),
(38, 'Anes de Somalie', 8, 35),
(39, 'Yack', 5, 36),
(40, 'Moutons Noir', 10, 37),
(3, 'Capucin', 16, 38),
(41, 'Ouistiti Gibon', 11, 39),
(111, 'Pécaris', 3, 40),
(110, 'Porc-Epic', 15, 41),
(109, 'Bisons', 7, 42),
(108, 'Tigres', 5, 43),
(107, 'Chiens des Buissons', 22, 44),
(106, 'Servals', 13, 45),
(104, 'Loups d\'Europe', 18, 46),
(103, 'Vautours', 24, 47),
(102, 'Cerfs', 32, 48),
(105, 'Lynx', 9, 49),
(100, 'Mouflons', 27, 50),
(101, 'Macaques Crabiers', 36, 51),
(98, 'Lémuriens', 54, 52),
(99, 'Chèvres Naines', 14, 53),
(89, 'Tapirs', 16, 54),
(90, 'Guépards', 8, 55),
(91, 'Casoars', 38, 56),
(92, 'Crocodiles Nains', 10, 57),
(93, 'Lions', 12, 58),
(94, 'Hippopotames', 21, 59),
(95, 'Zèbres', 15, 60),
(96, 'Hyènes', 23, 61),
(97, 'Loups à Crinières', 40, 62),
(87, 'Suricates', 48, 63),
(88, 'Fennec', 33, 64),
(86, 'Panthère', 6, 101),
(162, 'Tortue', 21, 137);

-- --------------------------------------------------------

--
-- Structure de la table `biomes`
--

DROP TABLE IF EXISTS `biomes`;
CREATE TABLE IF NOT EXISTS `biomes` (
  `id` int NOT NULL AUTO_INCREMENT,
  `couleur` varchar(50) NOT NULL,
  `nom` varchar(100) NOT NULL,
  PRIMARY KEY (`id`)
) ENGINE=MyISAM AUTO_INCREMENT=7 DEFAULT CHARSET=utf8mb4 COLLATE=utf8mb4_0900_ai_ci;

--
-- Déchargement des données de la table `biomes`
--

INSERT INTO `biomes` (`id`, `couleur`, `nom`) VALUES
(1, '#FFD700', 'Le belvedere'),
(2, '#228B22', 'Le bois des pins'),
(3, '#A9A9A9', 'Le plateau'),
(4, '#FFD700', 'Les clairieres'),
(5, '#228B22', 'Le vallon de cascades'),
(6, '#A9A9A9', 'La bergerie des reptiles');

-- --------------------------------------------------------

--
-- Structure de la table `enclos`
--

DROP TABLE IF EXISTS `enclos`;
CREATE TABLE IF NOT EXISTS `enclos` (
  `id` int NOT NULL AUTO_INCREMENT,
  `id_biomes` int DEFAULT NULL,
  `id_animaux` int DEFAULT NULL,
  `repos` tinyint(1) DEFAULT '0',
  `nom_enclos` varchar(255) DEFAULT NULL,
  `nom_animal` varchar(255) DEFAULT NULL,
  PRIMARY KEY (`id`),
  KEY `id_biomes` (`id_biomes`),
  KEY `id_animaux` (`id_animaux`)
) ENGINE=MyISAM AUTO_INCREMENT=682 DEFAULT CHARSET=utf8mb4 COLLATE=utf8mb4_0900_ai_ci;

--
-- Déchargement des données de la table `enclos`
--

INSERT INTO `enclos` (`id`, `id_biomes`, `id_animaux`, `repos`, `nom_enclos`, `nom_animal`) VALUES
(1, 5, 2, 0, 'Enclos des Panda Roux', 'Panda Roux'),
(2, 6, 4, 0, 'Enclos des Réptiles', 'Python'),
(3, 6, 5, 0, 'Enclos des Réptiles', 'Iguane'),
(4, 5, 7, 0, 'Enclos Volant ', 'Ara Perroquet'),
(5, 5, 8, 0, 'Enclos Volant', 'Grand Hocco'),
(6, 1, 9, 0, 'Enclos des Trois Continents', 'Rhinocéroce'),
(7, 1, 10, 0, 'Enclos des Trois Continents', 'Oryx Beisa'),
(8, 1, 11, 0, 'Enclos des Trois Continents', 'Gnou'),
(9, 1, 12, 0, 'Enclos des Acrobates de la Jungle ', 'Coatis '),
(10, 1, 13, 0, 'Enclos des Acrobate de la Jungle', 'Saimiris'),
(11, 1, 14, 0, 'Enclos des Grand Courreur', 'Autruches'),
(12, 1, 15, 0, 'Enclos des Grand Courreur', 'Gazelles'),
(13, 3, 16, 0, 'Enclos des Têtes en l\'Air', 'Girafes '),
(14, 3, 17, 0, 'Enclos des Têtes en l\'Air', 'Grivets Cercopithèques'),
(15, 3, 18, 0, 'Enclos des Titans de la nature ', 'Eléphants'),
(16, 3, 19, 0, 'Enclos des Titans de la nature', 'Varan de Komodo'),
(17, 5, 20, 0, 'Enclos Ruisseaux des Curieux', 'Binturong'),
(18, 5, 21, 0, 'Enclos des Ruisseaux Curieux', 'Loutres'),
(19, 2, 22, 0, 'Enclos Plaine des Elégants', 'Antilopes'),
(20, 3, 23, 0, 'Enclos Plaine des Elégants', 'Daims'),
(21, 3, 24, 0, 'Enclos Plaine des Elégants', 'Nilgauts'),
(22, 4, 25, 0, 'Enclos du Désert Provençal', 'Dromadaires'),
(23, 4, 26, 0, 'Enclos du Désert Provençal', 'Anes de Provence'),
(24, 4, 27, 0, 'Enclos la Terre des Australes', 'Emeu'),
(25, 4, 28, 0, 'Enclos la Terre des Australes', 'Wallaby'),
(26, 4, 29, 0, 'Enclos la Savane Tropical', 'Flamant Roses'),
(27, 4, 30, 0, 'Enclos la Savane Tropical', 'Nandou'),
(28, 4, 31, 0, 'Enclos la Savane Tropical', 'Tamanoires'),
(29, 5, 32, 0, 'Enclos Lagune des Explorateurs', 'Tortues'),
(30, 5, 33, 0, 'Enclos Lagune des Explorateurs', 'Ibis'),
(31, 4, 34, 0, 'Enclos des Longues Plumes', 'Cigognes'),
(32, 4, 35, 0, 'Enclos des Longues Plumes', 'Marabouts'),
(33, 4, 36, 0, 'Enclos des Cornes et des Sabots', 'Oryx Algazelle'),
(34, 4, 37, 0, 'Enclos des Cornes et des Sabots', 'Watusi'),
(35, 4, 38, 0, 'Enclos des Cornes et des Sabots', 'Anes de Somalie'),
(36, 4, 39, 0, 'Enclos le Refuge des Montages ', 'Yack'),
(37, 4, 40, 0, 'Enclos le Refuge des Montages', 'Moutons Noir'),
(38, 3, 3, 0, 'Enclos des Capucins', 'Capucin'),
(39, 3, 41, 0, 'Enclos des Ouistiti', 'Ouistiti Gibon'),
(40, 4, 111, 0, 'Enclos des Pécaris', 'Pécaris'),
(41, 4, 110, 0, 'Enclos des Porc-Epic', 'Porc-Epic'),
(42, 4, 109, 0, 'Enclos des Bisons', 'Bisons'),
(43, 4, 108, 0, 'Enclos des Tigres', 'Tigres'),
(44, 4, 107, 0, 'Enclos des Chiens des Buissons', 'Chiens des Buissons'),
(45, 4, 106, 0, 'Enclos des Servals', 'Servals'),
(46, 2, 104, 0, 'Enclos des Loups d\'Europe', 'Loups d\'Europe'),
(47, 2, 103, 0, 'Enclos des Vautours', 'Vautours'),
(48, 2, 102, 0, 'Enclos des Cerfs', 'Cerfs'),
(49, 4, 105, 0, 'Enclos des Lynx', 'Lynx'),
(50, 5, 100, 0, 'Enclos des Mouflons', 'Mouflons '),
(51, 2, 101, 0, 'Enclos des Macaques Crabiers', 'Macaques Crabiers'),
(52, 5, 98, 0, 'Enclos des Lémuriens', 'Lémuriens'),
(53, 5, 99, 0, 'Enclos des Chèvres Naines', 'Chèvres Naines'),
(54, 1, 89, 0, 'Enclos des Tapirs', 'Tapirs'),
(55, 1, 90, 0, 'Enclos des Guépards', 'Guépards'),
(56, 1, 91, 0, 'Enclos des Casoars', 'Casoars'),
(57, 1, 92, 0, 'Enclos des Crocodiles Nains', 'Crocodiles Nains'),
(58, 3, 93, 0, 'Enclos des Lions', 'Lions'),
(59, 3, 94, 0, 'Enclos des Hippopotames', 'Hippopotames'),
(60, 3, 95, 0, 'Enclos des Zèbres ', 'Zèbres '),
(61, 3, 96, 0, 'Enclos des Hyènes', 'Hyènes '),
(62, 3, 97, 0, 'Enclos des Loups à Crinières', 'Loups à Crinières'),
(63, 1, 87, 0, 'Enclos des Suricates', 'Suricates'),
(64, 1, 88, 0, 'Enclos des Fennec', 'Fennec'),
(101, 5, 86, 0, 'Enclos des Panthère', 'Panthère'),
(137, 5, 32, 0, 'Enclos des Tortues', 'Tortues '),
(138, 6, 5, 0, 'Enclos des Réptiles', 'Tortue'),
(139, 1, 3, 0, NULL, NULL),
(140, 1, 4, 0, NULL, NULL),
(141, 1, 5, 0, NULL, NULL),
(142, 1, 6, 0, NULL, NULL),
(143, 1, 7, 0, NULL, NULL),
(144, 1, 8, 0, NULL, NULL),
(145, 1, 9, 0, NULL, NULL),
(146, 1, 10, 0, NULL, NULL),
(147, 1, 11, 0, NULL, NULL),
(148, 1, 12, 0, NULL, NULL),
(149, 1, 13, 0, NULL, NULL),
(150, 2, 14, 0, NULL, NULL),
(151, 2, 15, 0, NULL, NULL),
(152, 2, 16, 0, NULL, NULL),
(153, 2, 17, 0, NULL, NULL),
(154, 2, 18, 0, NULL, NULL),
(155, 2, 19, 0, NULL, NULL),
(156, 2, 20, 0, NULL, NULL),
(157, 2, 21, 0, NULL, NULL),
(158, 2, 22, 0, NULL, NULL),
(159, 2, 23, 0, NULL, NULL),
(160, 2, 24, 0, NULL, NULL),
(161, 2, 25, 0, NULL, NULL),
(162, 2, 26, 0, NULL, NULL),
(163, 3, 27, 0, NULL, NULL),
(164, 3, 28, 0, NULL, NULL),
(165, 3, 29, 0, NULL, NULL),
(166, 3, 30, 0, NULL, NULL),
(167, 3, 31, 0, NULL, NULL),
(168, 3, 32, 0, NULL, NULL),
(169, 3, 33, 0, NULL, NULL),
(170, 3, 34, 0, NULL, NULL),
(171, 3, 35, 0, NULL, NULL),
(172, 3, 36, 0, NULL, NULL),
(173, 3, 37, 0, NULL, NULL),
(174, 3, 38, 0, NULL, NULL),
(175, 3, 39, 0, NULL, NULL),
(176, 3, 40, 0, NULL, NULL),
(177, 3, 41, 0, NULL, NULL),
(178, 3, 42, 0, NULL, NULL),
(179, 3, 43, 0, NULL, NULL),
(180, 3, 44, 0, NULL, NULL),
(181, 3, 45, 0, NULL, NULL),
(182, 4, 46, 0, NULL, NULL),
(183, 4, 47, 0, NULL, NULL),
(184, 4, 48, 0, NULL, NULL),
(185, 4, 49, 0, NULL, NULL),
(186, 4, 50, 0, NULL, NULL),
(187, 4, 51, 0, NULL, NULL),
(188, 4, 52, 0, NULL, NULL),
(189, 5, 53, 0, NULL, NULL),
(190, 5, 54, 0, NULL, NULL),
(191, 5, 55, 0, NULL, NULL),
(192, 5, 56, 0, NULL, NULL),
(193, 5, 57, 0, NULL, NULL),
(194, 5, 58, 0, NULL, NULL),
(195, 5, 59, 0, NULL, NULL),
(196, 5, 60, 0, NULL, NULL),
(197, 5, 61, 0, NULL, NULL),
(198, 5, 62, 0, NULL, NULL),
(199, 6, 63, 0, NULL, NULL),
(200, 6, 64, 0, NULL, NULL),
(201, 6, 65, 0, NULL, NULL),
(202, 1, 1, 0, NULL, NULL),
(203, 1, 2, 0, NULL, NULL),
(204, 1, 3, 0, NULL, NULL),
(205, 1, 4, 0, NULL, NULL),
(206, 1, 5, 0, NULL, NULL),
(207, 1, 6, 0, NULL, NULL),
(208, 1, 7, 0, NULL, NULL),
(209, 1, 8, 0, NULL, NULL),
(210, 1, 9, 0, NULL, NULL),
(211, 1, 10, 0, NULL, NULL),
(212, 1, 11, 0, NULL, NULL),
(213, 1, 12, 0, NULL, NULL),
(214, 1, 13, 0, NULL, NULL),
(215, 2, 14, 0, NULL, NULL),
(216, 2, 15, 0, NULL, NULL),
(217, 2, 16, 0, NULL, NULL),
(218, 2, 17, 0, NULL, NULL),
(219, 2, 18, 0, NULL, NULL),
(220, 2, 19, 0, NULL, NULL),
(221, 2, 20, 0, NULL, NULL),
(222, 2, 21, 0, NULL, NULL),
(223, 2, 22, 0, NULL, NULL),
(224, 2, 23, 0, NULL, NULL),
(225, 2, 24, 0, NULL, NULL),
(226, 2, 25, 0, NULL, NULL),
(227, 2, 26, 0, NULL, NULL),
(228, 2, 27, 0, NULL, NULL),
(229, 2, 28, 0, NULL, NULL),
(230, 2, 29, 0, NULL, NULL),
(231, 2, 30, 0, NULL, NULL),
(232, 3, 31, 0, NULL, NULL),
(233, 3, 32, 0, NULL, NULL),
(234, 3, 33, 0, NULL, NULL),
(235, 3, 34, 0, NULL, NULL),
(236, 3, 35, 0, NULL, NULL),
(237, 3, 36, 0, NULL, NULL),
(238, 3, 37, 0, NULL, NULL),
(239, 3, 38, 0, NULL, NULL),
(240, 3, 39, 0, NULL, NULL),
(241, 3, 40, 0, NULL, NULL),
(242, 3, 41, 0, NULL, NULL),
(243, 3, 42, 0, NULL, NULL),
(244, 3, 43, 0, NULL, NULL),
(245, 3, 44, 0, NULL, NULL),
(246, 3, 45, 0, NULL, NULL),
(247, 3, 46, 0, NULL, NULL),
(248, 3, 47, 0, NULL, NULL),
(249, 3, 48, 0, NULL, NULL),
(250, 3, 49, 0, NULL, NULL),
(251, 3, 50, 0, NULL, NULL),
(252, 3, 51, 0, NULL, NULL),
(253, 3, 52, 0, NULL, NULL),
(254, 3, 53, 0, NULL, NULL),
(255, 3, 54, 0, NULL, NULL),
(256, 3, 55, 0, NULL, NULL),
(257, 3, 56, 0, NULL, NULL),
(258, 3, 57, 0, NULL, NULL),
(259, 3, 58, 0, NULL, NULL),
(260, 3, 59, 0, NULL, NULL),
(261, 3, 60, 0, NULL, NULL),
(262, 3, 61, 0, NULL, NULL),
(263, 3, 62, 0, NULL, NULL),
(264, 3, 63, 0, NULL, NULL),
(265, 3, 64, 0, NULL, NULL),
(266, 3, 65, 0, NULL, NULL),
(267, 3, 66, 0, NULL, NULL),
(268, 4, 67, 0, NULL, NULL),
(269, 4, 68, 0, NULL, NULL),
(270, 4, 69, 0, NULL, NULL),
(271, 4, 70, 0, NULL, NULL),
(272, 4, 71, 0, NULL, NULL),
(273, 4, 72, 0, NULL, NULL),
(274, 4, 73, 0, NULL, NULL),
(275, 4, 74, 0, NULL, NULL),
(276, 5, 75, 0, NULL, NULL),
(277, 5, 76, 0, NULL, NULL),
(278, 5, 77, 0, NULL, NULL),
(279, 5, 78, 0, NULL, NULL),
(280, 5, 79, 0, NULL, NULL),
(281, 5, 80, 0, NULL, NULL),
(282, 5, 81, 0, NULL, NULL),
(283, 5, 82, 0, NULL, NULL),
(284, 5, 83, 0, NULL, NULL),
(285, 5, 84, 0, NULL, NULL),
(286, 6, 85, 0, NULL, NULL),
(287, 6, 86, 0, NULL, NULL),
(288, 6, 87, 0, NULL, NULL),
(289, 6, 88, 0, NULL, NULL),
(290, 1, 1, 0, NULL, NULL),
(291, 1, 2, 0, NULL, NULL),
(292, 1, 3, 0, NULL, NULL),
(293, 1, 4, 0, NULL, NULL),
(294, 1, 5, 0, NULL, NULL),
(295, 1, 6, 0, NULL, NULL),
(296, 1, 7, 0, NULL, NULL),
(297, 1, 8, 0, NULL, NULL),
(298, 1, 9, 0, NULL, NULL),
(299, 1, 10, 0, NULL, NULL),
(300, 1, 11, 0, NULL, NULL),
(301, 1, 12, 0, NULL, NULL),
(302, 1, 13, 0, NULL, NULL),
(303, 2, 14, 0, NULL, NULL),
(304, 2, 15, 0, NULL, NULL),
(305, 2, 16, 0, NULL, NULL),
(306, 2, 17, 0, NULL, NULL),
(307, 2, 18, 0, NULL, NULL),
(308, 2, 19, 0, NULL, NULL),
(309, 2, 20, 0, NULL, NULL),
(310, 2, 21, 0, NULL, NULL),
(311, 2, 22, 0, NULL, NULL),
(312, 2, 23, 0, NULL, NULL),
(313, 2, 24, 0, NULL, NULL),
(314, 2, 25, 0, NULL, NULL),
(315, 2, 26, 0, NULL, NULL),
(316, 3, 27, 0, NULL, NULL),
(317, 3, 28, 0, NULL, NULL),
(318, 3, 29, 0, NULL, NULL),
(319, 3, 30, 0, NULL, NULL),
(320, 3, 31, 0, NULL, NULL),
(321, 3, 32, 0, NULL, NULL),
(322, 3, 33, 0, NULL, NULL),
(323, 3, 34, 0, NULL, NULL),
(324, 3, 35, 0, NULL, NULL),
(325, 3, 36, 0, NULL, NULL),
(326, 3, 37, 0, NULL, NULL),
(327, 3, 38, 0, NULL, NULL),
(328, 3, 39, 0, NULL, NULL),
(329, 3, 40, 0, NULL, NULL),
(330, 3, 41, 0, NULL, NULL),
(331, 3, 42, 0, NULL, NULL),
(332, 3, 43, 0, NULL, NULL),
(333, 3, 44, 0, NULL, NULL),
(334, 3, 45, 0, NULL, NULL),
(335, 4, 46, 0, NULL, NULL),
(336, 4, 47, 0, NULL, NULL),
(337, 4, 48, 0, NULL, NULL),
(338, 4, 49, 0, NULL, NULL),
(339, 4, 50, 0, NULL, NULL),
(340, 4, 51, 0, NULL, NULL),
(341, 4, 52, 0, NULL, NULL),
(342, 5, 53, 0, NULL, NULL),
(343, 5, 54, 0, NULL, NULL),
(344, 5, 55, 0, NULL, NULL),
(345, 5, 56, 0, NULL, NULL),
(346, 5, 57, 0, NULL, NULL),
(347, 5, 58, 0, NULL, NULL),
(348, 5, 59, 0, NULL, NULL),
(349, 5, 60, 0, NULL, NULL),
(350, 5, 61, 0, NULL, NULL),
(351, 5, 62, 0, NULL, NULL),
(352, 6, 63, 0, NULL, NULL),
(353, 6, 64, 0, NULL, NULL),
(354, 6, 65, 0, NULL, NULL),
(355, 1, 1, 0, NULL, NULL),
(356, 1, 2, 0, NULL, NULL),
(357, 1, 3, 0, NULL, NULL),
(358, 1, 4, 0, NULL, NULL),
(359, 1, 5, 0, NULL, NULL),
(360, 1, 6, 0, NULL, NULL),
(361, 1, 7, 0, NULL, NULL),
(362, 1, 8, 0, NULL, NULL),
(363, 1, 9, 0, NULL, NULL),
(364, 1, 10, 0, NULL, NULL),
(365, 1, 11, 0, NULL, NULL),
(366, 1, 12, 0, NULL, NULL),
(367, 1, 13, 0, NULL, NULL),
(368, 2, 14, 0, NULL, NULL),
(369, 2, 15, 0, NULL, NULL),
(370, 2, 16, 0, NULL, NULL),
(371, 2, 17, 0, NULL, NULL),
(372, 2, 18, 0, NULL, NULL),
(373, 2, 19, 0, NULL, NULL),
(374, 2, 20, 0, NULL, NULL),
(375, 2, 21, 0, NULL, NULL),
(376, 2, 22, 0, NULL, NULL),
(377, 2, 23, 0, NULL, NULL),
(378, 2, 24, 0, NULL, NULL),
(379, 2, 25, 0, NULL, NULL),
(380, 2, 26, 0, NULL, NULL),
(381, 3, 27, 0, NULL, NULL),
(382, 3, 28, 0, NULL, NULL),
(383, 3, 29, 0, NULL, NULL),
(384, 3, 30, 0, NULL, NULL),
(385, 3, 31, 0, NULL, NULL),
(386, 3, 32, 0, NULL, NULL),
(387, 3, 33, 0, NULL, NULL),
(388, 3, 34, 0, NULL, NULL),
(389, 3, 35, 0, NULL, NULL),
(390, 3, 36, 0, NULL, NULL),
(391, 3, 37, 0, NULL, NULL),
(392, 3, 38, 0, NULL, NULL),
(393, 3, 39, 0, NULL, NULL),
(394, 3, 40, 0, NULL, NULL),
(395, 3, 41, 0, NULL, NULL),
(396, 3, 42, 0, NULL, NULL),
(397, 3, 43, 0, NULL, NULL),
(398, 3, 44, 0, NULL, NULL),
(399, 3, 45, 0, NULL, NULL),
(400, 4, 46, 0, NULL, NULL),
(401, 4, 47, 0, NULL, NULL),
(402, 4, 48, 0, NULL, NULL),
(403, 4, 49, 0, NULL, NULL),
(404, 4, 50, 0, NULL, NULL),
(405, 4, 51, 0, NULL, NULL),
(406, 4, 52, 0, NULL, NULL),
(407, 5, 53, 0, NULL, NULL),
(408, 5, 54, 0, NULL, NULL),
(409, 5, 55, 0, NULL, NULL),
(410, 5, 56, 0, NULL, NULL),
(411, 5, 57, 0, NULL, NULL),
(412, 5, 58, 0, NULL, NULL),
(413, 5, 59, 0, NULL, NULL),
(414, 5, 60, 0, NULL, NULL),
(415, 5, 61, 0, NULL, NULL),
(416, 5, 62, 0, NULL, NULL),
(417, 6, 63, 0, NULL, NULL),
(418, 6, 64, 0, NULL, NULL),
(419, 6, 65, 0, NULL, NULL),
(420, 1, 1, 0, NULL, NULL),
(421, 1, 2, 0, NULL, NULL),
(422, 1, 3, 0, NULL, NULL),
(423, 1, 4, 0, NULL, NULL),
(424, 1, 5, 0, NULL, NULL),
(425, 1, 6, 0, NULL, NULL),
(426, 1, 7, 0, NULL, NULL),
(427, 1, 8, 0, NULL, NULL),
(428, 1, 9, 0, NULL, NULL),
(429, 1, 10, 0, NULL, NULL),
(430, 1, 11, 0, NULL, NULL),
(431, 1, 12, 0, NULL, NULL),
(432, 1, 13, 0, NULL, NULL),
(433, 2, 14, 0, NULL, NULL),
(434, 2, 15, 0, NULL, NULL),
(435, 2, 16, 0, NULL, NULL),
(436, 2, 17, 0, NULL, NULL),
(437, 2, 18, 0, NULL, NULL),
(438, 2, 19, 0, NULL, NULL),
(439, 2, 20, 0, NULL, NULL),
(440, 2, 21, 0, NULL, NULL),
(441, 2, 22, 0, NULL, NULL),
(442, 2, 23, 0, NULL, NULL),
(443, 2, 24, 0, NULL, NULL),
(444, 2, 25, 0, NULL, NULL),
(445, 2, 26, 0, NULL, NULL),
(446, 3, 27, 0, NULL, NULL),
(447, 3, 28, 0, NULL, NULL),
(448, 3, 29, 0, NULL, NULL),
(449, 3, 30, 0, NULL, NULL),
(450, 3, 31, 0, NULL, NULL),
(451, 3, 32, 0, NULL, NULL),
(452, 3, 33, 0, NULL, NULL),
(453, 3, 34, 0, NULL, NULL),
(454, 3, 35, 0, NULL, NULL),
(455, 3, 36, 0, NULL, NULL),
(456, 3, 37, 0, NULL, NULL),
(457, 3, 38, 0, NULL, NULL),
(458, 3, 39, 0, NULL, NULL),
(459, 3, 40, 0, NULL, NULL),
(460, 3, 41, 0, NULL, NULL),
(461, 3, 42, 0, NULL, NULL),
(462, 3, 43, 0, NULL, NULL),
(463, 3, 44, 0, NULL, NULL),
(464, 3, 45, 0, NULL, NULL),
(465, 4, 46, 0, NULL, NULL),
(466, 4, 47, 0, NULL, NULL),
(467, 4, 48, 0, NULL, NULL),
(468, 4, 49, 0, NULL, NULL),
(469, 4, 50, 0, NULL, NULL),
(470, 4, 51, 0, NULL, NULL),
(471, 4, 52, 0, NULL, NULL),
(472, 5, 53, 0, NULL, NULL),
(473, 5, 54, 0, NULL, NULL),
(474, 5, 55, 0, NULL, NULL),
(475, 5, 56, 0, NULL, NULL),
(476, 5, 57, 0, NULL, NULL),
(477, 5, 58, 0, NULL, NULL),
(478, 5, 59, 0, NULL, NULL),
(479, 5, 60, 0, NULL, NULL),
(480, 5, 61, 0, NULL, NULL),
(481, 5, 62, 0, NULL, NULL),
(482, 6, 63, 0, NULL, NULL),
(483, 6, 64, 0, NULL, NULL),
(484, 6, 65, 0, NULL, NULL),
(485, 1, 1, 0, NULL, NULL),
(486, 1, 2, 0, NULL, NULL),
(487, 1, 3, 0, NULL, NULL),
(488, 1, 4, 0, NULL, NULL),
(489, 1, 5, 0, NULL, NULL),
(490, 1, 6, 0, NULL, NULL),
(491, 1, 7, 0, NULL, NULL),
(492, 1, 8, 0, NULL, NULL),
(493, 1, 9, 0, NULL, NULL),
(494, 1, 10, 0, NULL, NULL),
(495, 1, 11, 0, NULL, NULL),
(496, 1, 12, 0, NULL, NULL),
(497, 1, 13, 0, NULL, NULL),
(498, 2, 14, 0, NULL, NULL),
(499, 2, 15, 0, NULL, NULL),
(500, 2, 16, 0, NULL, NULL),
(501, 2, 17, 0, NULL, NULL),
(502, 2, 18, 0, NULL, NULL),
(503, 2, 19, 0, NULL, NULL),
(504, 2, 20, 0, NULL, NULL),
(505, 2, 21, 0, NULL, NULL),
(506, 2, 22, 0, NULL, NULL),
(507, 2, 23, 0, NULL, NULL),
(508, 2, 24, 0, NULL, NULL),
(509, 2, 25, 0, NULL, NULL),
(510, 2, 26, 0, NULL, NULL),
(511, 3, 27, 0, NULL, NULL),
(512, 3, 28, 0, NULL, NULL),
(513, 3, 29, 0, NULL, NULL),
(514, 3, 30, 0, NULL, NULL),
(515, 3, 31, 0, NULL, NULL),
(516, 3, 32, 0, NULL, NULL),
(517, 3, 33, 0, NULL, NULL),
(518, 3, 34, 0, NULL, NULL),
(519, 3, 35, 0, NULL, NULL),
(520, 3, 36, 0, NULL, NULL),
(521, 3, 37, 0, NULL, NULL),
(522, 3, 38, 0, NULL, NULL),
(523, 3, 39, 0, NULL, NULL),
(524, 3, 40, 0, NULL, NULL),
(525, 3, 41, 0, NULL, NULL),
(526, 3, 42, 0, NULL, NULL),
(527, 3, 43, 0, NULL, NULL),
(528, 3, 44, 0, NULL, NULL),
(529, 3, 45, 0, NULL, NULL),
(530, 4, 46, 0, NULL, NULL),
(531, 4, 47, 0, NULL, NULL),
(532, 4, 48, 0, NULL, NULL),
(533, 4, 49, 0, NULL, NULL),
(534, 4, 50, 0, NULL, NULL),
(535, 4, 51, 0, NULL, NULL),
(536, 4, 52, 0, NULL, NULL),
(537, 5, 53, 0, NULL, NULL),
(538, 5, 54, 0, NULL, NULL),
(539, 5, 55, 0, NULL, NULL),
(540, 5, 56, 0, NULL, NULL),
(541, 5, 57, 0, NULL, NULL),
(542, 5, 58, 0, NULL, NULL),
(543, 5, 59, 0, NULL, NULL),
(544, 5, 60, 0, NULL, NULL),
(545, 5, 61, 0, NULL, NULL),
(546, 5, 62, 0, NULL, NULL),
(547, 6, 63, 0, NULL, NULL),
(548, 6, 64, 0, NULL, NULL),
(549, 6, 65, 0, NULL, NULL),
(550, NULL, NULL, 0, 'Les Réptiles', NULL),
(551, NULL, NULL, 0, 'Enclos Volant', NULL),
(552, NULL, NULL, 0, 'Enclos des Panthères', NULL),
(553, NULL, NULL, 0, 'Enclos des Trois Continents', NULL),
(554, NULL, NULL, 0, 'Enclos des Surricates', NULL),
(555, NULL, NULL, 0, 'Enclos des Fennec', NULL),
(556, NULL, NULL, 0, 'Enclos des Acrobates de la Jungle', NULL),
(557, NULL, NULL, 0, 'Enclos des Tapirs', NULL),
(558, NULL, NULL, 0, 'Enclos des Guépards', NULL),
(559, NULL, NULL, 0, 'Enclos des Grands Coureurs', NULL),
(560, NULL, NULL, 0, 'Enclos des Casoars', NULL),
(561, NULL, NULL, 0, 'Enclos des Crocodiles Nains', NULL),
(562, NULL, NULL, 0, 'Enclos des Lions', NULL),
(563, NULL, NULL, 0, 'Enclos des Hippopotames', NULL),
(564, NULL, NULL, 0, 'Enclos des Zèbres', NULL),
(565, NULL, NULL, 0, 'Enclos des Hyènes', NULL),
(566, NULL, NULL, 0, 'Enclos des Loups à Crinières', NULL),
(567, NULL, NULL, 0, 'Enclos des Têtes en l\'Air', NULL),
(568, NULL, NULL, 0, 'Enclos des Titans de la nature', NULL),
(569, NULL, NULL, 0, 'Enclos des Panda Roux', NULL),
(570, NULL, NULL, 0, 'Enclos des Lémuriens', NULL),
(571, NULL, NULL, 0, 'Enclos des Chèvres Naines', NULL),
(572, NULL, NULL, 0, 'Enclos des Tortues', NULL),
(573, NULL, NULL, 0, 'Enclos des Mouflons', NULL),
(574, NULL, NULL, 0, 'Enclos Ruisseau des Curieux', NULL),
(575, NULL, NULL, 0, 'Enclos des Macaques Crabiers', NULL),
(576, NULL, NULL, 0, 'Enclos des Cerfs', NULL),
(577, NULL, NULL, 0, 'Enclos des Vautours', NULL),
(578, NULL, NULL, 0, 'Enclos Plaine des Elégants', NULL),
(579, NULL, NULL, 0, 'Enclos des Loups d\'Europe', NULL),
(580, NULL, NULL, 0, 'Enclos des Lynx', NULL),
(581, NULL, NULL, 0, 'Enclos des Servals', NULL),
(582, NULL, NULL, 0, 'Enclos des Chiens des Buissons', NULL),
(583, NULL, NULL, 0, 'Enclos des Tigres', NULL),
(584, NULL, NULL, 0, 'Enclos du Désert Provençal', NULL),
(585, NULL, NULL, 0, 'Enclos des Bisons', NULL),
(586, NULL, NULL, 0, 'Enclos des Porc-Epic', NULL),
(587, NULL, NULL, 0, 'Enclos des Pécaris', NULL),
(588, NULL, NULL, 0, 'Enclos la Terre des Australes', NULL),
(589, NULL, NULL, 0, 'Enclos la Savane Tropicale', NULL),
(590, NULL, NULL, 0, 'Enclos Lagune des Explorateurs', NULL),
(591, NULL, NULL, 0, 'Les Réptiles', NULL),
(592, NULL, NULL, 0, 'Enclos Volant', NULL),
(593, NULL, NULL, 0, 'Enclos des Panthères', NULL),
(594, NULL, NULL, 0, 'Les Réptiles', NULL),
(595, NULL, NULL, 0, 'Enclos Volant', NULL),
(596, NULL, NULL, 0, 'Enclos des Panthères', NULL),
(597, NULL, NULL, 0, 'Enclos des Trois Continents', NULL),
(598, NULL, NULL, 0, 'Enclos des Surricates', NULL),
(599, NULL, NULL, 0, 'Enclos des Fennec', NULL),
(600, NULL, NULL, 0, 'Enclos des Acrobates de la Jungle', NULL),
(601, NULL, NULL, 0, 'Enclos des Tapirs', NULL),
(602, NULL, NULL, 0, 'Enclos des Guépards', NULL),
(603, NULL, NULL, 0, 'Enclos des Grands Coureurs', NULL),
(604, NULL, NULL, 0, 'Enclos des Casoars', NULL),
(605, NULL, NULL, 0, 'Enclos des Crocodiles Nains', NULL),
(606, NULL, NULL, 0, 'Enclos des Lions', NULL),
(607, NULL, NULL, 0, 'Enclos des Hippopotames', NULL),
(608, NULL, NULL, 0, 'Enclos des Zèbres', NULL),
(609, NULL, NULL, 0, 'Enclos des Hyènes', NULL),
(610, NULL, NULL, 0, 'Enclos des Loups à Crinières', NULL),
(611, NULL, NULL, 0, 'Enclos des Têtes en l\'Air', NULL),
(612, NULL, NULL, 0, 'Enclos des Titans de la nature', NULL),
(613, NULL, NULL, 0, 'Enclos des Panda Roux', NULL),
(614, NULL, NULL, 0, 'Enclos des Lémuriens', NULL),
(615, NULL, NULL, 0, 'Enclos des Chèvres Naines', NULL),
(616, NULL, NULL, 0, 'Enclos des Tortues', NULL),
(617, NULL, NULL, 0, 'Enclos des Mouflons', NULL),
(618, NULL, NULL, 0, 'Enclos Ruisseau des Curieux', NULL),
(619, NULL, NULL, 0, 'Enclos des Macaques Crabiers', NULL),
(620, NULL, NULL, 0, 'Enclos des Cerfs', NULL),
(621, NULL, NULL, 0, 'Enclos des Vautours', NULL),
(622, NULL, NULL, 0, 'Enclos Plaine des Elégants', NULL),
(623, NULL, NULL, 0, 'Enclos des Loups d\'Europe', NULL),
(624, NULL, NULL, 0, 'Enclos des Lynx', NULL),
(625, NULL, NULL, 0, 'Enclos des Servals', NULL),
(626, NULL, NULL, 0, 'Enclos des Chiens des Buissons', NULL),
(627, NULL, NULL, 0, 'Enclos des Tigres', NULL),
(628, NULL, NULL, 0, 'Enclos du Désert Provençal', NULL),
(629, NULL, NULL, 0, 'Enclos des Bisons', NULL),
(630, NULL, NULL, 0, 'Enclos des Porc-Epic', NULL),
(631, NULL, NULL, 0, 'Enclos des Pécaris', NULL),
(632, NULL, NULL, 0, 'Enclos la Terre des Australes', NULL),
(633, NULL, NULL, 0, 'Enclos la Savane Tropicale', NULL),
(634, NULL, NULL, 0, 'Enclos Lagune des Explorateurs', NULL),
(635, NULL, NULL, 0, 'Enclos des Longues Plumes', NULL),
(636, NULL, NULL, 0, 'Enclos des Cornes et des Sabots', NULL),
(637, NULL, NULL, 0, 'Enclos le Refuge des Montagnes', NULL),
(638, NULL, NULL, 0, 'Les Réptiles', NULL),
(639, NULL, NULL, 0, 'Enclos Volant', NULL),
(640, NULL, NULL, 0, 'Enclos des Panthères', NULL),
(641, NULL, NULL, 0, 'Enclos des Trois Continents', NULL),
(642, NULL, NULL, 0, 'Enclos des Surricates', NULL),
(643, NULL, NULL, 0, 'Enclos des Fennec', NULL),
(644, NULL, NULL, 0, 'Enclos des Acrobates de la Jungle', NULL),
(645, NULL, NULL, 0, 'Enclos des Tapirs', NULL),
(646, NULL, NULL, 0, 'Enclos des Guépards', NULL),
(647, NULL, NULL, 0, 'Enclos des Grands Coureurs', NULL),
(648, NULL, NULL, 0, 'Enclos des Casoars', NULL),
(649, NULL, NULL, 0, 'Enclos des Crocodiles Nains', NULL),
(650, NULL, NULL, 0, 'Enclos des Lions', NULL),
(651, NULL, NULL, 0, 'Enclos des Hippopotames', NULL),
(652, NULL, NULL, 0, 'Enclos des Zèbres', NULL),
(653, NULL, NULL, 0, 'Enclos des Hyènes', NULL),
(654, NULL, NULL, 0, 'Enclos des Loups à Crinières', NULL),
(655, NULL, NULL, 0, 'Enclos des Têtes en l\'Air', NULL),
(656, NULL, NULL, 0, 'Enclos des Titans de la nature', NULL),
(657, NULL, NULL, 0, 'Enclos des Panda Roux', NULL),
(658, NULL, NULL, 0, 'Enclos des Lémuriens', NULL),
(659, NULL, NULL, 0, 'Enclos des Chèvres Naines', NULL),
(660, NULL, NULL, 0, 'Enclos des Tortues', NULL),
(661, NULL, NULL, 0, 'Enclos des Mouflons', NULL),
(662, NULL, NULL, 0, 'Enclos Ruisseau des Curieux', NULL),
(663, NULL, NULL, 0, 'Enclos des Macaques Crabiers', NULL),
(664, NULL, NULL, 0, 'Enclos des Cerfs', NULL),
(665, NULL, NULL, 0, 'Enclos des Vautours', NULL),
(666, NULL, NULL, 0, 'Enclos Plaine des Elégants', NULL),
(667, NULL, NULL, 0, 'Enclos des Loups d\'Europe', NULL),
(668, NULL, NULL, 0, 'Enclos des Lynx', NULL),
(669, NULL, NULL, 0, 'Enclos des Servals', NULL),
(670, NULL, NULL, 0, 'Enclos des Chiens des Buissons', NULL),
(671, NULL, NULL, 0, 'Enclos des Tigres', NULL),
(672, NULL, NULL, 0, 'Enclos du Désert Provençal', NULL),
(673, NULL, NULL, 0, 'Enclos des Bisons', NULL),
(674, NULL, NULL, 0, 'Enclos des Porc-Epic', NULL),
(675, NULL, NULL, 0, 'Enclos des Pécaris', NULL),
(676, NULL, NULL, 0, 'Enclos la Terre des Australes', NULL),
(677, NULL, NULL, 0, 'Enclos la Savane Tropicale', NULL),
(678, NULL, NULL, 0, 'Enclos Lagune des Explorateurs', NULL),
(679, NULL, NULL, 0, 'Enclos des Longues Plumes', NULL),
(680, NULL, NULL, 0, 'Enclos des Cornes et des Sabots', NULL),
(681, NULL, NULL, 0, 'Enclos le Refuge des Montagnes', NULL);

-- --------------------------------------------------------

--
-- Structure de la table `services`
--

DROP TABLE IF EXISTS `services`;
CREATE TABLE IF NOT EXISTS `services` (
  `id` int NOT NULL AUTO_INCREMENT,
  `name` varchar(255) NOT NULL,
  `description` text,
  `location` varchar(255) DEFAULT NULL,
  PRIMARY KEY (`id`)
) ENGINE=MyISAM AUTO_INCREMENT=4 DEFAULT CHARSET=utf8mb4 COLLATE=utf8mb4_0900_ai_ci;

--
-- Déchargement des données de la table `services`
--

INSERT INTO `services` (`id`, `name`, `description`, `location`) VALUES
(1, 'Restaurant du Parc', 'Un restaurant situé au cœur du parc.', 'Le Vallon des cascades'),
(2, 'Boutique', 'Une boutique avec des souvenirs et des produits locaux.', 'Entrée principale'),
(3, 'Aire de pique-nique', 'Espace pour pique-niquer en famille.', 'Le Bois des pins');

-- --------------------------------------------------------

--
-- Structure de la table `userinfo`
--

DROP TABLE IF EXISTS `userinfo`;
CREATE TABLE IF NOT EXISTS `userinfo` (
  `id` int NOT NULL AUTO_INCREMENT,
  `mail` varchar(200) NOT NULL,
  `nom` varchar(100) NOT NULL,
  `prenom` varchar(100) NOT NULL,
  `password` varchar(255) NOT NULL,
  `isAdmin` tinyint(1) DEFAULT '0',
  PRIMARY KEY (`id`),
  UNIQUE KEY `mail` (`mail`)
) ENGINE=MyISAM DEFAULT CHARSET=utf8mb4 COLLATE=utf8mb4_0900_ai_ci;
COMMIT;

/*!40101 SET CHARACTER_SET_CLIENT=@OLD_CHARACTER_SET_CLIENT */;
/*!40101 SET CHARACTER_SET_RESULTS=@OLD_CHARACTER_SET_RESULTS */;
/*!40101 SET COLLATION_CONNECTION=@OLD_COLLATION_CONNECTION */;
